ORIGIN,Year,flights,delayed,avg_delay,LATITUDE,LONGITUDE,connections,pct_delayed
ABQ,2019,2800,907,6.430646332607117,35.04022,-106.60919,"['SAN', 'LAS', 'ORD', 'MCI', 'LAX', 'DAL', 'PHX', 'BWI', 'SEA', 'OAK', 'AUS', 'IAH', 'SFO', 'SJC', 'DEN', 'MDW', 'SLC', 'ATL', 'HOU', 'MSP', 'PDX', 'JFK', 'MCO', 'SAT']",32.392857142857146
ABR,2019,68,18,15.151515151515152,45.44906,-98.42183,['MSP'],26.47058823529412
ABY,2019,188,50,-0.43010752688172044,31.53552,-84.19447,['ATL'],26.595744680851062
ACK,2019,166,54,30.038216560509554,41.25305,-70.06018,"['LGA', 'BOS', 'JFK', 'HPN', 'CLT']",32.53012048192771
ACV,2019,208,76,21.714285714285715,40.97812,-124.10862,"['SFO', 'LAX', 'DEN']",36.53846153846153
ACY,2019,164,38,-1.8553459119496856,39.45758,-74.57717,"['TPA', 'MYR', 'MCO', 'ATL']",23.170731707317074
ADQ,2019,50,20,4.608695652173913,57.74997,-152.49386,['ANC'],40.0
AEX,2019,353,130,5.695652173913044,31.32737,-92.54856,"['ATL', 'IAH']",36.827195467422094
AGS,2019,447,132,2.2837528604118993,33.36996,-81.9645,"['ATL', 'CLT', 'ORD']",29.53020134228188
AKN,2019,6,1,-5.5,58.6768,-156.64922,['ANC'],16.666666666666664
ALB,2019,2530,758,4.058158319870759,31.53552,-84.19447,"['ORD', 'MCO', 'BWI', 'CLT', 'TPA', 'EWR', 'DTW', 'DEN', 'ATL', 'MDW', 'MYR', 'MSP', 'PHL', 'SAV']",29.960474308300395
ALO,2019,170,56,4.197530864197531,42.55708,-92.40034,['ORD'],32.94117647058823
AMA,2019,375,128,8.769021739130435,35.21937,-101.70593,"['IAH', 'LAS', 'DAL', 'PHX', 'DEN', 'HOU']",34.13333333333333
ANC,2019,2027,534,-4.162837162837163,61.17432,-149.99619,"['JNU', 'OME', 'SEA', 'SCC', 'MSP', 'CDV', 'BET', 'PDX', 'OTZ', 'ORD', 'FAI', 'DEN', 'HNL', 'DLG', 'PHX', 'LAX', 'EWR', 'ADQ', 'SLC', 'ATL', 'BLI', 'OGG', 'IAH', 'AKN', 'SFO']",26.344351258016772
APN,2019,58,18,-0.017543859649122806,45.07807,-83.56029,"['DTW', 'PLN']",31.03448275862069
ASE,2019,752,314,29.19345238095238,39.22316,-106.86885,"['ORD', 'SFO', 'DEN', 'PHX', 'IAH', 'LAX', 'SLC', 'ATL', 'MSP']",41.755319148936174
ATL,2019,39310,12037,2.679264188269147,33.64044,-84.42694,"['DAB', 'EYW', 'PHL', 'LAX', 'IND', 'BNA', 'HSV', 'PHX', 'MSP', 'JFK', 'FWA', 'SAV', 'ILM', 'EWR', 'PNS', 'BTR', 'AUS', 'DTW', 'BWI', 'MSY', 'SNA', 'CLE', 'RIC', 'CAK', 'CSG', 'BHM', 'TYS', 'DEN', 'OAK', 'ORF', 'FNT', 'DAL', 'SFO', 'GRR', 'CHA', 'MEM', 'MLB', 'ROA', 'MLI', 'SMF', 'GNV', 'TUS', 'MGM', 'SAT', 'HNL', 'BUF', 'LIT', 'MOB', 'LNK', 'LAS', 'ORD', 'IAH', 'MCO', 'JAX', 'LGA', 'MIA', 'MSN', 'SEA', 'CMH', 'CLT', 'BOS', 'TPA', 'AGS', 'DHN', 'VLD', 'ALB', 'MKE', 'CHS', 'PDX', 'MDW', 'MCI', 'PIT', 'LEX', 'ROC', 'OMA', 'VPS', 'MHT', 'ANC', 'XNA', 'SLC', 'GSP', 'SDF', 'DSM', 'HOU', 'FSD', 'CAE', 'MYR', 'GRB', 'AVL', 'ACY', 'AEX', 'DAY', 'SBN', 'HPN', 'OKC', 'FAY', 'ABY', 'TLH', 'ELP', 'SHV', 'MLU', 'TUL', 'MDT', 'SYR', 'LFT', 'PVD', 'ATW', 'GTR', 'CHO', 'SAN', 'SJU', 'COS', 'ABQ', 'FSM', 'RST', 'SGF', 'TTN', 'ONT', 'BQK', 'ICT', 'BTV', 'BUR', 'EVV', 'PIA', 'SJC', 'PWM', 'STT', 'FAR', 'ISP', 'TVC', 'MSO', 'JAC', 'HDN', 'BZN', 'STX', 'EGE', 'ASE', 'PSP', 'FCA']",30.620707199185958
ATW,2019,471,159,2.232967032967033,44.25741,-88.51948,"['ORD', 'MSP', 'DTW', 'ATL', 'AZA', 'LAS']",33.75796178343949
AUS,2019,7470,2534,4.573679206845036,30.19453,-97.66987,"['LAX', 'ORD', 'DTW', 'DEN', 'PHL', 'MCO', 'DAL', 'IAH', 'JFK', 'BWI', 'SEA', 'MEM', 'MSP', 'ATL', 'TPA', 'MDW', 'SFO', 'HOU', 'LAS', 'BNA', 'PHX', 'MCI', 'ELP', 'BOS', 'CLE', 'ONT', 'SAN', 'SJC', 'ABQ', 'CLT', 'MSY', 'EWR', 'MIA', 'SNA', 'SLC', 'PDX', 'LGB', 'IND', 'OAK', 'SMF', 'VPS', 'LBB', 'CMH', 'PIT']",33.92235609103079
AVL,2019,867,289,9.601895734597157,35.43619,-82.54181,"['ORD', 'CLT', 'BWI', 'ATL', 'LGA', 'DEN', 'MCO', 'EWR', 'TPA', 'DTW', 'PHL']",33.33333333333333
AZA,2019,443,174,8.776497695852534,33.43417,-112.00806,"['GRR', 'BLI', 'LAS', 'GRI', 'SGF', 'FWA', 'FSD', 'MFR', 'IDA', 'RAP', 'OAK', 'FAR', 'PIA', 'GJT', 'DSM', 'GTF', 'GFK', 'ICT', 'ATW', 'BZN', 'BOI', 'MEM', 'MSO', 'FCA', 'MLI', 'OMA', 'EUG', 'TVC', 'MOT', 'SBN', 'BIL', 'MCI']",39.27765237020316
AZO,2019,343,104,0.04892966360856269,42.23488,-85.55206,"['DTW', 'MSP', 'ORD']",30.32069970845481
BET,2019,81,24,3.2911392405063293,60.77978,-161.838,['ANC'],29.629629629629626
BFL,2019,236,46,-3.096069868995633,35.4336,-119.05677,"['SFO', 'PHX', 'DEN']",19.491525423728813
BFM,2019,32,18,11.5625,30.69142,-88.24283,"['DEN', 'ORD']",56.25
BGM,2019,91,23,7.472527472527473,42.20848,-75.97961,['DTW'],25.274725274725274
BGR,2019,423,186,21.485294117647058,44.80744,-68.82814,"['LGA', 'EWR', 'PHL', 'DTW', 'ORD', 'CLT']",43.97163120567376
BHM,2019,2155,701,10.087969567284832,33.56294,-86.75355,"['MDW', 'IAH', 'PHL', 'DEN', 'ATL', 'ORD', 'DAL', 'HOU', 'LGA', 'CLT', 'TPA', 'LAS', 'MCO', 'MIA', 'BWI', 'DTW', 'CAE']",32.52900232018561
BIL,2019,405,113,0.3076923076923077,45.80766,-108.54286,"['SLC', 'MSP', 'DEN', 'LAS', 'ORD', 'AZA', 'LAX']",27.901234567901234
BJI,2019,68,15,3.8208955223880596,47.50942,-94.93372,['MSP'],22.058823529411764
BLI,2019,199,48,-3.372448979591837,48.79275,-122.53753,"['PSP', 'LAS', 'OAK', 'TUS', 'SEA', 'LAX', 'AZA', 'SAN', 'ANC', 'OGG']",24.120603015075375
BNA,2019,9035,3084,5.544621649134713,36.12448,-86.67818,"['MCI', 'BWI', 'IAH', 'ORD', 'LGA', 'MIA', 'LAX', 'ATL', 'HOU', 'TPA', 'MCO', 'CLT', 'DTW', 'DEN', 'SYR', 'MSY', 'LAS', 'JAX', 'SAN', 'MDW', 'AUS', 'MKE', 'CHS', 'BOS', 'SLC', 'DAL', 'SEA', 'MSP', 'SFO', 'PHX', 'JFK', 'EWR', 'PHL', 'CMH', 'PIT', 'CLE', 'OAK', 'SAT', 'SJC', 'PNS', 'RIC', 'GRR', 'TTN', 'BUR', 'MDT', 'OKC', 'OMA', 'ORF', 'SAV', 'SMF', 'XNA', 'BUF']",34.13392363032651
BOI,2019,2238,627,1.2107158937415579,43.56444,-116.22278,"['MSP', 'SFO', 'DEN', 'SLC', 'SAN', 'ORD', 'PDX', 'SJC', 'MDW', 'LAX', 'LAS', 'PHX', 'SEA', 'OAK', 'SMF', 'GEG', 'IAH', 'AZA']",28.01608579088472
BOS,2019,16012,5555,7.559702925923554,42.36435,-71.00518,"['HOU', 'RIC', 'EWR', 'ORD', 'ATL', 'MCI', 'BUR', 'MSP', 'SFO', 'PHL', 'SJU', 'DTW', 'JFK', 'CLE', 'LAX', 'CLT', 'MKE', 'LGA', 'MIA', 'SEA', 'IND', 'SAN', 'CMH', 'TPA', 'DEN', 'BWI', 'LAS', 'BNA', 'MSY', 'PIT', 'ROC', 'SYR', 'MCO', 'MDW', 'PHX', 'PDX', 'AUS', 'BUF', 'IAH', 'STT', 'ORF', 'SMF', 'JAX', 'CHS', 'OAK', 'SAV', 'MYR', 'DAL', 'SLC', 'ACK', 'SJC', 'MSN', 'LGB', 'HNL', 'HDN', 'PSP']",34.69273045216088
BQK,2019,105,20,-1.0571428571428572,31.25903,-81.46631,['ATL'],19.047619047619047
BQN,2019,236,90,11.038297872340426,18.49486,-67.12944,"['MCO', 'JFK', 'EWR']",38.13559322033898
BRD,2019,59,16,-1.912280701754386,46.39786,-94.13723,['MSP'],27.11864406779661
BRO,2019,282,64,1.25,25.90683,-97.42586,"['IAH', 'ORD']",22.69503546099291
BRW,2019,73,11,-8.657142857142857,71.28545,-156.766,"['FAI', 'ANC']",15.068493150684931
BTM,2019,78,13,3.8846153846153846,45.9548,-112.49746,['SLC'],16.666666666666664
BTR,2019,837,275,1.3572296476306196,30.53316,-91.14963,"['ATL', 'CLT', 'IAH']",32.85543608124254
BTV,2019,1176,431,14.187226596675416,44.473,-73.15031,"['CLT', 'ORD', 'PHL', 'JFK', 'ATL', 'LGA', 'DTW', 'EWR', 'MCO', 'DEN']",36.64965986394558
BUF,2019,3159,962,7.36396220267188,42.94052,-78.73217,"['PHX', 'PHL', 'LGA', 'JFK', 'MDW', 'BWI', 'DTW', 'BOS', 'ATL', 'TPA', 'ORD', 'EWR', 'MCO', 'CLT', 'LAS', 'MSP', 'MIA', 'LAX', 'DEN', 'BNA']",30.45267489711934
BUR,2019,3417,1056,3.0402298850574714,34.20062,-118.3585,"['DAL', 'OAK', 'LAS', 'BOS', 'PDX', 'SEA', 'SJC', 'SMF', 'PHX', 'SLC', 'SFO', 'JFK', 'DEN', 'MDW', 'ATL', 'HOU', 'BNA']",30.90430201931519
BWI,2019,11002,3615,3.1038669904726324,39.1754,-76.6682,"['LAS', 'IAH', 'ATL', 'BOS', 'DEN', 'TPA', 'MCO', 'AUS', 'CMH', 'OAK', 'CLT', 'DTW', 'ROC', 'ABQ', 'BNA', 'JAX', 'DAL', 'SMF', 'MSP', 'LAX', 'PIT', 'IND', 'MDW', 'SDF', 'SEA', 'ALB', 'SLC', 'JFK', 'MSY', 'MCI', 'SAN', 'BUF', 'CLE', 'ORD', 'ORF', 'CHS', 'SFO', 'PVD', 'SJC', 'PHX', 'MKE', 'PWM', 'SAT', 'ISP', 'HOU', 'EWR', 'MHT', 'AVL', 'OKC', 'PHL', 'MYR', 'MEM', 'SJU', 'MIA', 'SAV', 'BHM', 'TYS', 'GRR', 'PDX', 'VPS', 'GSP']",32.8576622432285
BZN,2019,751,241,3.9137466307277626,45.7769,-111.15301,"['LAX', 'SLC', 'ORD', 'SFO', 'DEN', 'MSP', 'EWR', 'ATL', 'SEA', 'LAS', 'IAH', 'PDX', 'LGB', 'DTW', 'AZA']",32.090545938748335
CAE,2019,1374,350,-1.404970760233918,33.93884,-81.11954,"['ATL', 'LGA', 'CLT', 'IAH', 'MIA']",25.47307132459971
CAK,2019,749,231,5.654696132596685,40.91631,-81.44247,"['MCO', 'IAH', 'CLT', 'ORD', 'ATL', 'EWR', 'LGA', 'PHL', 'TPA']",30.8411214953271
CDC,2019,83,24,-0.7349397590361446,37.70097,-113.09858,['SLC'],28.915662650602407
CDV,2019,82,23,-4.048780487804878,60.49183,-145.47765,"['YAK', 'ANC']",28.04878048780488
CHA,2019,847,243,4.4106280193236715,35.03527,-85.20379,"['ATL', 'DTW', 'ORD', 'PHL', 'CLT', 'LGA', 'MSP']",28.689492325855966
CHO,2019,883,340,18.796728971962615,38.13864,-78.45286,"['ORD', 'ATL', 'LGA', 'CLT']",38.50509626274066
CHS,2019,5562,1644,5.324908424908425,32.89865,-80.04051,"['ATL', 'JFK', 'DTW', 'CLT', 'LGA', 'ORD', 'PHL', 'BWI', 'DEN', 'PIT', 'BNA', 'HOU', 'SEA', 'BOS', 'MDW', 'IAH', 'MIA', 'EWR', 'DAL', 'TTN', 'CLE', 'MSP', 'IND', 'LCK']",29.557713052858688
CIU,2019,67,15,-3.984848484848485,46.25075,-84.47239,"['DTW', 'MSP']",22.388059701492537
CLE,2019,5647,1711,5.290445859872611,41.41089,-81.8494,"['SLC', 'LAX', 'MSP', 'JFK', 'LGA', 'ORD', 'MCO', 'MIA', 'MKE', 'IAH', 'BOS', 'DTW', 'MDW', 'TPA', 'AUS', 'BWI', 'CLT', 'DEN', 'SFO', 'MSY', 'PHL', 'LAS', 'PHX', 'BNA', 'EWR', 'SAN', 'ATL', 'JAX', 'SAV', 'ORF', 'MYR', 'CHS', 'VPS', 'SEA', 'DAL']",30.29927395077032
CLT,2019,23252,8758,6.756200157742529,35.21401,-80.94313,"['LGA', 'EWR', 'ORD', 'BNA', 'BHM', 'MCO', 'HSV', 'JFK', 'CHO', 'MCI', 'BOS', 'MSP', 'CHA', 'PHL', 'BTR', 'MSY', 'IND', 'PIT', 'ATL', 'MEM', 'CMH', 'SAN', 'SDF', 'TLH', 'MSN', 'AGS', 'OKC', 'SAT', 'AVL', 'MDT', 'OMA', 'DEN', 'CAE', 'ROC', 'CMI', 'SLC', 'SYR', 'PVD', 'ORF', 'VPS', 'JAX', 'PHX', 'FNT', 'LIT', 'FAY', 'STT', 'TUL', 'RIC', 'BTV', 'LAX', 'ILM', 'SBN', 'HPN', 'TYS', 'PNS', 'SHV', 'TOL', 'ALB', 'SGF', 'MYR', 'MIA', 'DAY', 'CHS', 'CLE', 'PIA', 'PDX', 'DTW', 'BWI', 'MGM', 'GSP', 'IAH', 'SFO', 'TPA', 'DAB', 'PWM', 'GRR', 'SAV', 'AUS', 'LEX', 'FWA', 'BGR', 'BUF', 'MKE', 'EVV', 'GNV', 'MLB', 'MHT', 'MDW', 'TTN', 'XNA', 'EYW', 'SEA', 'LAS', 'SJU', 'DSM', 'CAK', 'ROA', 'DAL', 'SMF', 'RAP', 'STX', 'HOU', 'MOB', 'TUS', 'TVC']",37.66557715465336
CMH,2019,11090,3578,4.15537037037037,39.99799,-82.89188,"['PHL', 'SLC', 'PHX', 'LGA', 'MSP', 'MDW', 'ORD', 'ATL', 'BWI', 'MCO', 'DTW', 'IAH', 'TPA', 'MIA', 'EWR', 'BOS', 'LAX', 'BNA', 'SEA', 'DEN', 'LAS', 'JFK', 'SFO', 'CLT', 'HOU', 'MSY', 'OAK', 'DAL', 'MYR', 'AUS']",32.26330027051398
CMI,2019,389,117,5.63563829787234,40.03925,-88.27806,"['ORD', 'CLT']",30.077120822622106
CNY,2019,73,20,19.420289855072465,38.75496,-109.75484,['DEN'],27.397260273972602
COD,2019,50,16,3.4166666666666665,44.52019,-109.0238,"['DEN', 'ORD', 'SLC']",32.0
COS,2019,1052,394,13.66537342386033,38.80581,-104.70025,"['DEN', 'ORD', 'ATL', 'IAH', 'PHX', 'SLC', 'LAX', 'LAS', 'MSP', 'MCO', 'SAT']",37.452471482889734
COU,2019,464,152,11.51834862385321,33.93884,-81.11954,"['ORD', 'DEN']",32.758620689655174
CPR,2019,112,30,-6.594594594594595,42.90836,-106.46447,"['DEN', 'SLC']",26.785714285714285
CRP,2019,680,178,-1.2930513595166162,27.77036,-97.50122,"['IAH', 'HOU', 'DAL']",26.176470588235297
CSG,2019,276,76,0.11764705882352941,39.99799,-82.89188,['ATL'],27.536231884057973
CWA,2019,337,97,4.875,44.77762,-89.66678,"['DTW', 'ORD', 'MSP']",28.783382789317507
DAB,2019,344,90,1.3657817109144543,29.17992,-81.05806,"['ATL', 'CLT', 'LGA']",26.16279069767442
DAL,2019,8170,2826,3.7101375445746307,32.84711,-96.85177,"['OKC', 'HOU', 'PIT', 'ABQ', 'LGA', 'LAX', 'LBB', 'BOS', 'AUS', 'IND', 'BNA', 'CHS', 'DTW', 'SAN', 'SJC', 'TUL', 'MCI', 'LAS', 'ELP', 'CMH', 'SMF', 'LIT', 'DEN', 'AMA', 'SLC', 'PDX', 'ATL', 'SEA', 'ONT', 'MCO', 'SAT', 'PHX', 'MSY', 'SFO', 'BWI', 'PNS', 'TPA', 'MKE', 'MDW', 'CLT', 'OAK', 'SDF', 'MSP', 'MEM', 'BHM', 'JAX', 'OMA', 'PHL', 'BUR', 'SNA', 'TUS', 'RNO', 'CLE', 'CRP']",34.58996328029376
DAY,2019,1466,470,7.872191011235955,39.90238,-84.21938,"['PHL', 'ATL', 'ORD', 'CLT', 'EWR', 'LGA', 'DTW', 'MSP', 'DEN', 'IAH']",32.06002728512961
DBQ,2019,208,52,6.804123711340206,42.40296,-90.70917,['ORD'],25.0
DEN,2019,26192,10223,8.4048828125,39.85841,-104.667,"['IAH', 'LAX', 'PHX', 'MCO', 'JFK', 'TUL', 'SEA', 'ATL', 'RIC', 'PDX', 'ONT', 'CLE', 'MSP', 'BOS', 'ORD', 'JAX', 'SFO', 'SMF', 'DRO', 'MCI', 'MKE', 'SLC', 'CMH', 'BOI', 'SJC', 'GEG', 'COS', 'MDW', 'LAS', 'SBA', 'HOU', 'JAC', 'DAL', 'AUS', 'LBB', 'SNA', 'BWI', 'BUR', 'GCC', 'EWR', 'LGA', 'RKS', 'SAT', 'SAN', 'RNO', 'ORF', 'PNS', 'BNA', 'TPA', 'RAP', 'LIT', 'IND', 'OKC', 'FAI', 'OAK', 'CLT', 'SHV', 'BFL', 'TYR', 'FSD', 'ABQ', 'BUF', 'HNL', 'DTW', 'SDF', 'OMA', 'ICT', 'TUS', 'PHL', 'MEM', 'SBP', 'HYS', 'DSM', 'FAR', 'MIA', 'BZN', 'XNA', 'ASE', 'MSN', 'FAT', 'IDA', 'COD', 'VEL', 'SAV', 'BIL', 'MSY', 'ELP', 'TYS', 'LAR', 'PSP', 'MRY', 'FCA', 'GRR', 'MOT', 'PIT', 'EGE', 'JMS', 'ANC', 'HDN', 'ALB', 'LIH', 'EUG', 'LNK', 'PUB', 'MSO', 'GSP', 'PWM', 'CPR', 'BHM', 'DAY', 'GJT', 'MFR', 'CNY', 'AVL', 'OGG', 'CHS', 'SGF', 'MMH', 'ACV', 'LGB', 'PVD', 'HSV', 'BFM', 'SYR', 'MDT', 'GTF', 'COU', 'BTV', 'GRB', 'LFT', 'MLI', 'VPS', 'BRO', 'TVC', 'XWA', 'MYR', 'AMA', 'HOB']",39.031001832620646
DHN,2019,134,39,0.05223880597014925,31.32134,-85.44963,['ATL'],29.1044776119403
DLG,2019,10,4,15.5,59.04541,-158.50334,['ANC'],40.0
DLH,2019,477,139,9.606593406593406,46.84209,-92.19365,"['ORD', 'MSP']",29.140461215932913
DRO,2019,206,75,8.61658031088083,37.15152,-107.75377,"['PHX', 'DEN', 'ORD', 'LAX']",36.407766990291265
DSM,2019,1851,573,2.069137168141593,41.53493,-93.66068,"['DTW', 'PHL', 'DEN', 'ORD', 'MSP', 'CLT', 'ATL', 'SLC', 'PHX', 'AZA', 'MCO', 'LGA', 'LAS', 'IAH', 'LAX', 'VPS']",30.956239870340358
DTW,2019,16249,5093,3.963302752293578,42.21206,-83.34884,"['SAN', 'ALB', 'CLT', 'LGA', 'SEA', 'BWI', 'ATL', 'ORD', 'MCO', 'DEN', 'BOS', 'MSN', 'TYS', 'PHX', 'GRR', 'OMA', 'LEX', 'CIU', 'ATW', 'AUS', 'MSP', 'LAX', 'BUF', 'LAS', 'MDW', 'LAN', 'PLN', 'SFO', 'SDF', 'CMH', 'ROC', 'CLE', 'BNA', 'MSY', 'GRB', 'TPA', 'IAH', 'ORF', 'AZO', 'PVD', 'SBN', 'PHL', 'SCE', 'SLC', 'SAT', 'EVV', 'DSM', 'HPN', 'FWA', 'GSP', 'RIC', 'LSE', 'BHM', 'DAY', 'BTV', 'CHS', 'MCI', 'TVC', 'EWR', 'APN', 'PIT', 'MLI', 'ERI', 'MEM', 'CWA', 'MQT', 'MYR', 'SYR', 'MDT', 'JFK', 'ORH', 'IND', 'MKE', 'BGM', 'JAX', 'CHA', 'PDX', 'PWM', 'HSV', 'SAV', 'SMF', 'MIA', 'DAL', 'ESC', 'OKC', 'SNA', 'HNL', 'LIT', 'MHT', 'BGR', 'SJC', 'OAK', 'TTN', 'BZN', 'AVL', 'SJU']",31.343467290294786
DVL,2019,61,15,7.813559322033898,48.11425,-98.90878,"['JMS', 'DEN']",24.59016393442623
EAU,2019,142,36,-2.0,44.86526,-91.48507,['ORD'],25.352112676056336
EGE,2019,233,99,20.104761904761904,39.64257,-106.9177,"['DEN', 'EWR', 'IAH', 'ORD', 'SFO', 'PHX', 'MIA', 'ATL', 'LAX', 'JFK', 'SLC', 'LGA']",42.48927038626609
EKO,2019,66,10,-9.375,40.82493,-115.7917,['SLC'],15.151515151515152
ELP,2019,1860,519,2.791942604856512,31.80667,-106.37781,"['LAS', 'ORD', 'PHX', 'AUS', 'IAH', 'DAL', 'HOU', 'ATL', 'LAX', 'DEN', 'SAN', 'SAT', 'SLC', 'SJC']",27.903225806451616
ERI,2019,144,43,0.7342657342657343,42.08202,-80.17622,"['DTW', 'ORD']",29.86111111111111
ESC,2019,64,24,16.661290322580644,45.72267,-87.09373,['DTW'],37.5
EUG,2019,554,184,5.762430939226519,44.12326,-123.21869,"['DEN', 'SFO', 'LAX', 'ORD', 'LAS', 'PHX', 'AZA', 'SAN', 'SLC', 'SEA', 'OAK']",33.2129963898917
EVV,2019,395,113,2.9250645994832043,38.03799,-87.53063,"['DTW', 'ATL', 'ORD', 'CLT', 'VPS']",28.607594936708864
EWR,2019,13356,5363,13.57237911025145,40.6925,-74.16866,"['MSP', 'SFO', 'TPA', 'CLE', 'ORD', 'ATL', 'SJC', 'CLT', 'OKC', 'MCO', 'BNA', 'LAX', 'MCI', 'AUS', 'JAX', 'DEN', 'DTW', 'IND', 'IAH', 'BUF', 'ALB', 'CAK', 'BOS', 'LAS', 'AVL', 'MDW', 'SAV', 'PIT', 'SDF', 'MIA', 'GRR', 'BGR', 'SEA', 'CHS', 'SNA', 'HNL', 'PHX', 'EGE', 'PVD', 'MKE', 'SAN', 'ROC', 'JAC', 'PDX', 'MSY', 'RIC', 'PWM', 'SYR', 'SJU', 'ORF', 'SLC', 'GSP', 'CMH', 'SAT', 'STT', 'TYS', 'BQN', 'MSN', 'BZN', 'SBN', 'BTV', 'VPS', 'OMA', 'PSP', 'MEM', 'ANC', 'HDN', 'PNS', 'EYW', 'SMF', 'XNA', 'BWI', 'MYR', 'DAY', 'MHT', 'OAK', 'RAP', 'TVC']",40.15423779574723
EYW,2019,553,131,0.5719557195571956,24.55611,-81.75956,"['MIA', 'CLT', 'ATL', 'EWR', 'ORD', 'PHL', 'LGA']",23.688969258589513
FAI,2019,524,96,-7.042226487523992,64.81368,-147.85967,"['ORD', 'ANC', 'MSP', 'SEA', 'SCC', 'SFO', 'DEN']",18.3206106870229
FAR,2019,678,236,13.688073394495413,46.91935,-96.81499,"['MSP', 'DEN', 'LAX', 'AZA', 'LAS', 'ORD', 'ATL', 'PHX']",34.80825958702065
FAT,2019,1342,372,5.978867924528302,36.77619,-119.71814,"['LAX', 'DEN', 'PHX', 'SFO', 'SEA', 'PDX', 'SLC', 'SAN', 'ORD', 'LAS']",27.719821162444113
FAY,2019,348,110,1.717201166180758,34.99147,-78.88,"['CLT', 'ATL']",31.60919540229885
FCA,2019,315,100,-0.358974358974359,48.3114,-114.25507,"['SLC', 'MSP', 'DEN', 'ORD', 'LAS', 'SFO', 'AZA', 'OAK', 'LAX']",31.746031746031743
FLG,2019,142,30,-5.557971014492754,35.13845,-111.67122,['PHX'],21.12676056338028
FNT,2019,472,151,6.710176991150442,42.9655,-83.74346,"['CLT', 'ORD', 'ATL']",31.991525423728813
FSD,2019,767,273,6.2327469553450605,43.58135,-96.7417,"['MSP', 'ORD', 'DEN', 'PHX', 'AZA', 'ATL', 'LAS']",35.59322033898305
FSM,2019,73,18,-1.63013698630137,35.33659,-94.36744,['ATL'],24.65753424657534
FWA,2019,836,269,5.7568238213399505,40.97847,-85.19515,"['ORD', 'ATL', 'CLT', 'DTW', 'MSP', 'AZA', 'MYR']",32.177033492822964
GCC,2019,76,30,14.666666666666666,44.3489,-105.53936,['DEN'],39.473684210526315
GEG,2019,1270,388,2.280701754385965,47.61986,-117.53384,"['OAK', 'DEN', 'SEA', 'LAS', 'MSP', 'SLC', 'SFO', 'SJC', 'BOI', 'PHX', 'SAN', 'ORD', 'PDX', 'SMF']",30.551181102362207
GFK,2019,207,46,-3.2487804878048783,47.94926,-97.17611,"['MSP', 'AZA', 'LAS']",22.22222222222222
GJT,2019,315,82,8.553054662379422,39.12241,-108.52673,"['SLC', 'PHX', 'LAS', 'DEN', 'AZA', 'LAX', 'ORD']",26.031746031746035
GNV,2019,486,148,4.460251046025105,29.69006,-82.27178,"['MIA', 'ATL', 'CLT']",30.45267489711934
GRB,2019,769,276,10.349527665317138,44.48507,-88.12959,"['ORD', 'ATL', 'MSP', 'DEN', 'DTW', 'MCO']",35.890767230169054
GRI,2019,35,13,3.8,40.96747,-98.30861,"['AZA', 'LAS']",37.142857142857146
GRK,2019,212,54,2.53,31.0649,-97.8278,['IAH'],25.471698113207548
GRR,2019,2184,721,4.894636924537257,42.88082,-85.52277,"['ORD', 'MSP', 'ATL', 'EWR', 'DTW', 'IAH', 'BWI', 'CLT', 'LAS', 'DEN', 'MDW', 'PHL', 'LGA', 'MCO', 'PHX', 'AZA', 'TPA', 'MIA', 'BNA', 'MSY', 'JAX']",33.01282051282051
GSP,2019,1667,571,6.025371287128713,34.89567,-82.21886,"['IAH', 'PHL', 'ATL', 'EWR', 'MIA', 'DEN', 'CLT', 'ORD', 'LGA', 'DTW', 'MCO', 'TPA', 'LAS', 'BWI', 'SJC']",34.253149370125975
GST,2019,8,3,-4.0,58.42438,-135.70738,['JNU'],37.5
GTF,2019,197,36,-6.25,47.482,-111.37069,"['LAS', 'AZA', 'SLC', 'ORD', 'MSP', 'DEN']",18.274111675126903
GTR,2019,226,64,8.0625,39.99799,-82.89188,['ATL'],28.31858407079646
GUC,2019,18,6,1.7777777777777777,38.53396,-106.93318,['IAH'],33.33333333333333
HDN,2019,135,57,29.186567164179106,40.48118,-107.21766,"['SAN', 'ORD', 'DEN', 'ATL', 'MSP', 'BOS', 'IAH', 'LAX', 'LGB', 'EWR', 'SFO']",42.22222222222222
HIB,2019,68,11,0.5882352941176471,47.3866,-92.83899,['MSP'],16.176470588235293
HLN,2019,145,44,-1.9655172413793103,46.60682,-111.98275,"['MSP', 'SLC', 'DEN']",30.344827586206897
HNL,2019,4614,1657,1.6732651729388732,21.31869,-157.92241,"['SEA', 'OGG', 'LAX', 'ITO', 'LIH', 'SJC', 'PHX', 'SFO', 'SAN', 'SLC', 'OAK', 'ORD', 'MSP', 'ATL', 'ANC', 'EWR', 'LAS', 'SMF', 'JFK', 'LGB', 'DEN', 'PDX', 'IAH', 'BOS', 'DTW', 'PPG']",35.9124403987863
HOB,2019,151,60,4.164383561643835,32.68753,-103.21703,"['IAH', 'DEN']",39.735099337748345
HOU,2019,11414,4170,4.600655260283946,29.64542,-95.27889,"['ATL', 'OAK', 'DAL', 'AUS', 'TUL', 'MKE', 'MDW', 'BWI', 'LGA', 'MCO', 'SJC', 'PHX', 'BUR', 'CMH', 'MSY', 'DEN', 'SAT', 'SDF', 'SAN', 'MCI', 'CRP', 'BNA', 'ABQ', 'MEM', 'LAX', 'OKC', 'BHM', 'IND', 'OMA', 'PIT', 'ELP', 'LAS', 'SNA', 'SLC', 'JAX', 'SJU', 'CLT', 'BOS', 'PDX', 'CHS', 'PNS', 'JFK', 'PHL', 'TPA', 'MIA', 'LBB', 'AMA', 'SMF', 'SEA', 'TUS']",36.534080953215344
HPN,2019,861,260,10.147165259348613,41.06696,-73.70757,"['CLT', 'MCO', 'DTW', 'TPA', 'ORD', 'ATL', 'ACK']",30.197444831591174
HSV,2019,791,240,6.063389391979301,34.64045,-86.77311,"['CLT', 'IAH', 'ATL', 'DTW', 'DEN', 'ORD', 'MCO']",30.341340075853353
HYA,2019,12,6,32.333333333333336,41.66934,-70.28036,['JFK'],50.0
HYS,2019,57,14,21.0188679245283,38.84494,-99.27403,['DEN'],24.561403508771928
IAG,2019,16,5,9.6875,43.10726,-78.94538,['MYR'],31.25
IAH,2019,34088,12776,9.072597992351817,29.64542,-95.27889,"['SAT', 'OKC', 'ATL', 'IND', 'SFO', 'RIC', 'BTR', 'LFT', 'DEN', 'PHL', 'MIA', 'PHX', 'ORD', 'DTW', 'DAY', 'SEA', 'SHV', 'LBB', 'CLE', 'LRD', 'ABQ', 'LAX', 'LIT', 'GSP', 'SJC', 'EWR', 'TYS', 'SAN', 'PNS', 'MCO', 'BNA', 'BHM', 'DSM', 'CLT', 'COS', 'MEM', 'TUS', 'LAS', 'BOS', 'TPA', 'MKE', 'LGA', 'GRR', 'SDF', 'PIT', 'CMH', 'OMA', 'BRO', 'AUS', 'HOB', 'MSP', 'SMF', 'TUL', 'RNO', 'LCH', 'MSY', 'ELP', 'MLU', 'XNA', 'ORF', 'HSV', 'MOB', 'CHS', 'MCI', 'SLC', 'CRP', 'VPS', 'ICT', 'PSP', 'AMA', 'CAK', 'HNL', 'BWI', 'PDX', 'ASE', 'JAX', 'HDN', 'JFK', 'CAE', 'SAV', 'SNA', 'SGF', 'AEX', 'OAK', 'ONT', 'SJU', 'GRK', 'EGE', 'JAC', 'RAP', 'GUC', 'LEX', 'ANC', 'STT', 'BOI', 'DRO', 'BZN', 'MYR']",37.47946491433935
ICT,2019,1125,362,8.419651056014692,37.64996,-97.43305,"['DEN', 'ATL', 'ORD', 'IAH', 'LAS', 'VPS', 'MSP', 'PHX', 'AZA', 'LAX', 'SEA']",32.17777777777778
IDA,2019,203,68,1.8756218905472637,43.51456,-112.07017,"['SLC', 'DEN', 'AZA', 'LAS', 'LAX', 'OAK', 'MSP']",33.497536945812804
ILM,2019,1508,504,6.448369565217392,39.67872,-75.60653,"['CLT', 'LGA', 'ATL', 'ORD', 'PHL']",33.42175066312997
IND,2019,5434,1694,6.480211081794195,39.71733,-86.29438,"['TPA', 'DEN', 'DAL', 'ATL', 'MIA', 'CLT', 'BOS', 'EWR', 'PHX', 'ORD', 'SEA', 'MCI', 'LAS', 'OAK', 'LAX', 'SLC', 'LGA', 'DTW', 'BWI', 'JFK', 'IAH', 'PHL', 'MDW', 'MSP', 'MCO', 'HOU', 'CHS', 'SAN', 'SFO', 'MYR', 'AUS', 'MSY', 'SAV', 'JAX', 'VPS', 'TUS']",31.17408906882591
INL,2019,73,10,-15.945205479452055,48.56619,-93.40307,['MSP'],13.698630136986301
ISN,2019,57,14,-5.508771929824562,48.17794,-103.64235,"['MSP', 'DEN']",24.561403508771928
ISP,2019,404,103,2.5415617128463475,40.79524,-73.10021,"['BWI', 'MCO', 'TPA', 'MYR', 'ATL']",25.495049504950494
ITO,2019,701,207,0.8730385164051355,19.72026,-155.04847,"['OGG', 'HNL', 'LAX']",29.529243937232525
JAC,2019,962,348,14.856842105263159,43.60732,-110.73774,"['SLC', 'ORD', 'DEN', 'SFO', 'LAX', 'IAH', 'ATL', 'PHX', 'JFK', 'EWR', 'MSP', 'SEA', 'LGA']",36.17463617463618
JAX,2019,6966,2032,5.00497949619215,30.49406,-81.68786,"['LGA', 'IAH', 'ATL', 'ORD', 'EWR', 'BNA', 'BWI', 'MIA', 'BOS', 'CLT', 'JFK', 'PHL', 'DEN', 'DTW', 'MSP', 'MDW', 'DAL', 'PIT', 'ORF', 'HOU', 'CLE', 'LAS', 'IND', 'TTN', 'GRR', 'LCK']",29.170255526844674
JFK,2019,25500,7972,2.1711661341853037,40.63975,-73.77893,"['PHX', 'MCO', 'CHS', 'SFO', 'LAX', 'TPA', 'BTV', 'BOS', 'CLE', 'LAS', 'JAX', 'BUF', 'ACK', 'HOU', 'CMH', 'ORD', 'MIA', 'BWI', 'SYR', 'SLC', 'RIC', 'CLT', 'SAN', 'BNA', 'AUS', 'IND', 'OAK', 'SAV', 'DEN', 'ROC', 'ATL', 'ORF', 'SEA', 'SJU', 'PIT', 'PDX', 'MSY', 'BUR', 'SAT', 'STT', 'IAH', 'DTW', 'SMF', 'SJC', 'MSP', 'ABQ', 'PWM', 'PSE', 'LGB', 'PSP', 'HYA', 'ORH', 'BQN', 'ONT', 'HNL', 'PHL', 'RNO', 'EGE', 'JAC']",31.26274509803921
JLN,2019,92,20,-1.2727272727272727,37.15181,-94.49827,['ORD'],21.73913043478261
JMS,2019,103,33,13.27659574468085,46.92972,-98.6782,"['DVL', 'DEN']",32.038834951456316
JNU,2019,475,130,-1.4698275862068966,58.35496,-134.57628,"['SEA', 'ANC', 'YAK', 'SIT', 'KTN', 'PSG', 'GST']",27.368421052631582
KTN,2019,243,79,-2.502092050209205,55.35557,-131.71374,"['SIT', 'SEA', 'WRG', 'JNU']",32.510288065843625
LAN,2019,391,127,4.57742782152231,42.7787,-84.58736,"['DTW', 'MSP', 'ORD']",32.48081841432225
LAR,2019,67,21,16.21212121212121,41.31205,-105.67499,['DEN'],31.343283582089555
LAS,2019,18243,6255,3.345389794669189,36.08036,-115.15233,"['ATL', 'EWR', 'SJC', 'AUS', 'DTW', 'ORD', 'SEA', 'LAX', 'SMF', 'BUR', 'MCI', 'OAK', 'SFO', 'PHX', 'BLI', 'FCA', 'BNA', 'HOU', 'JFK', 'SAT', 'PDX', 'CLT', 'DEN', 'SAN', 'MDW', 'EUG', 'IAH', 'ONT', 'OMA', 'AMA', 'SLC', 'SGF', 'RAP', 'BWI', 'ABQ', 'LGB', 'IND', 'MSY', 'FAT', 'MKE', 'SHV', 'ORF', 'OKC', 'SNA', 'SDF', 'ICT', 'MIA', 'MCO', 'TUS', 'TPA', 'CMH', 'LRD', 'PIA', 'RNO', 'SMX', 'MSP', 'BOS', 'PHL', 'MEM', 'TUL', 'COS', 'GRI', 'FSD', 'BOI', 'HNL', 'ATW', 'DAL', 'CLE', 'BUF', 'AZA', 'ELP', 'DSM', 'LIT', 'PIT', 'SBN', 'MSO', 'LBB', 'IDA', 'GTF', 'FAR', 'MOT', 'JAX', 'MFR', 'BHM', 'GEG', 'GRR', 'GFK', 'MSN', 'GJT', 'BIL', 'MRY', 'MLI', 'GSP', 'TYS', 'BZN', 'XNA', 'OGG']",34.28712382831771
LAX,2019,24090,7610,1.7176009771301015,33.94254,-118.40807,"['MFR', 'LIH', 'CLT', 'SEA', 'BNA', 'BWI', 'MCI', 'DAL', 'HNL', 'BOS', 'PSP', 'OGG', 'JFK', 'PHX', 'AUS', 'SMF', 'SJC', 'LAS', 'EWR', 'MDW', 'ATL', 'IAH', 'MSP', 'PIT', 'SFO', 'TPA', 'FCA', 'OAK', 'MRY', 'SAN', 'ORD', 'TUS', 'SGF', 'RNO', 'MEM', 'MCO', 'SBP', 'PDX', 'SAT', 'MKE', 'SLC', 'PHL', 'CMH', 'COS', 'BLI', 'ABQ', 'JAC', 'IND', 'DEN', 'DTW', 'MSY', 'MMH', 'BOI', 'SBA', 'MIA', 'HOU', 'EUG', 'ITO', 'ELP', 'ASE', 'FAT', 'RDD', 'BUF', 'ANC', 'CLE', 'ACV', 'SDF', 'BZN', 'OMA', 'MSO', 'ICT', 'OKC', 'HDN', 'LIT', 'TUL', 'MSN', 'XNA', 'EGE', 'GJT', 'DSM', 'DRO', 'FSD', 'FAR', 'RAP', 'FLG', 'BIL', 'IDA']",31.589871315898716
LBB,2019,602,203,3.3491525423728814,33.66364,-101.82278,"['HOU', 'DAL', 'IAH', 'AUS', 'DEN', 'LAS', 'PHX']",33.72093023255814
LBE,2019,76,17,-8.533333333333333,40.27594,-79.4048,"['MYR', 'MCO', 'TPA']",22.36842105263158
LCH,2019,184,52,-0.4782608695652174,30.1261,-93.2234,['IAH'],28.26086956521739
LCK,2019,94,28,0.0,39.99799,-82.89188,"['CHS', 'SAV', 'MYR', 'JAX', 'VPS']",29.78723404255319
LEX,2019,934,286,3.027685492801772,38.03697,-84.60539,"['DTW', 'ATL', 'ORD', 'IAH', 'LGA', 'CLT', 'MSP', 'VPS', 'MYR']",30.620985010706637
LFT,2019,562,183,3.336347197106691,30.20528,-91.98766,"['ATL', 'IAH', 'DEN', 'MCO']",32.562277580071175
LGA,2019,34282,12996,9.993066441577234,40.63975,-73.77893,"['PWM', 'CHS', 'CAE', 'DTW', 'MCO', 'MDW', 'ORD', 'CMH', 'BOS', 'CLT', 'DAL', 'MSY', 'ATL', 'RIC', 'MSP', 'GSP', 'PIT', 'DEN', 'DAY', 'MIA', 'BNA', 'TPA', 'BGR', 'BUF', 'MSN', 'CLE', 'SDF', 'IAH', 'OMA', 'ORF', 'MKE', 'IND', 'BHM', 'MYR', 'SAV', 'JAX', 'GRR', 'TYS', 'PHL', 'ROC', 'MEM', 'HOU', 'BTV', 'CHO', 'ACK', 'MCI', 'XNA', 'CAK', 'CHA', 'DSM', 'LEX', 'SYR', 'ILM', 'MHT', 'ROA', 'DAB', 'TVC', 'JAC', 'EGE', 'AVL', 'EYW', 'BZN', 'AGS']",37.90910681990549
LGB,2019,1757,459,1.5285714285714285,33.81772,-118.15161,"['PHX', 'SJC', 'LAS', 'JFK', 'OAK', 'SFO', 'SEA', 'SLC', 'SMF', 'BOS', 'PDX', 'RNO', 'HNL', 'HDN', 'AUS', 'DEN', 'BZN']",26.124075128059193
LIH,2019,1417,433,-0.5254596888260255,21.97598,-159.33896,"['SJC', 'HNL', 'LAX', 'SEA', 'DEN', 'OAK', 'SAN', 'PDX', 'PHX', 'SFO', 'OGG']",30.557515878616798
LIT,2019,1348,475,12.259818731117825,34.7294,-92.22425,"['IAH', 'CLT', 'ATL', 'DEN', 'DAL', 'ORD', 'PHX', 'LAS', 'DTW', 'MCO', 'VPS', 'LAX']",35.237388724035604
LNK,2019,243,74,5.430379746835443,40.85097,-96.75925,"['MSP', 'ATL', 'DEN', 'ORD']",30.45267489711934
LRD,2019,216,72,2.2740384615384617,27.54374,-99.46154,"['IAH', 'LAS']",33.33333333333333
LSE,2019,298,84,3.0567375886524824,43.87938,-91.25654,"['MSP', 'ORD', 'DTW']",28.187919463087248
LWS,2019,113,11,-3.3008849557522124,46.3745,-117.01539,['SLC'],9.734513274336283
MCI,2019,6176,1856,1.3717713714380937,39.29761,-94.71391,"['PDX', 'MSP', 'LAS', 'IND', 'DEN', 'SLC', 'SAN', 'ATL', 'DTW', 'SFO', 'CLT', 'BOS', 'EWR', 'ABQ', 'PHX', 'LGA', 'BNA', 'ORD', 'IAH', 'SAT', 'PHL', 'MDW', 'DAL', 'LAX', 'MCO', 'BWI', 'HOU', 'SEA', 'MSY', 'OAK', 'MYR', 'MKE', 'AUS', 'PNS', 'MIA', 'TPA', 'AZA', 'VPS']",30.05181347150259
MCO,2019,14837,5386,8.657209589888026,28.42889,-81.31603,"['LGA', 'MDW', 'SJU', 'CAK', 'EWR', 'CLT', 'BUF', 'ISP', 'ATL', 'IAH', 'ORD', 'DEN', 'DTW', 'PVD', 'MEM', 'PHL', 'BNA', 'SLC', 'HOU', 'BWI', 'AUS', 'MSY', 'CMH', 'BOS', 'TTN', 'ALB', 'LAS', 'MCI', 'SFO', 'SAN', 'IND', 'LAX', 'SMF', 'PSE', 'PDX', 'MKE', 'HPN', 'JFK', 'ACY', 'MIA', 'BHM', 'RIC', 'CLE', 'GRR', 'PIT', 'BTV', 'SEA', 'LBE', 'ORF', 'SDF', 'SAT', 'DAL', 'MSP', 'BQN', 'PHX', 'ORH', 'SYR', 'ROC', 'HSV', 'STT', 'MHT', 'ONT', 'SJC', 'OAK', 'MDT', 'OMA', 'MYR', 'PWM', 'AVL', 'TYS', 'TUL', 'GRB', 'OKC', 'ABQ', 'COS', 'MSN', 'GSP', 'LFT', 'DSM']",36.301139044281186
MDT,2019,791,284,6.806451612903226,40.1935,-76.7634,"['ORD', 'CLT', 'ATL', 'DTW', 'MCO', 'DEN', 'BNA', 'MYR', 'PHL']",35.9039190897598
MDW,2019,17028,6456,5.364901147180864,41.78598,-87.75242,"['MHT', 'MCO', 'OMA', 'SEA', 'SFO', 'ATL', 'DEN', 'SDF', 'LAS', 'MCI', 'TPA', 'BNA', 'MSP', 'PHL', 'MEM', 'LGA', 'BOS', 'PHX', 'DAL', 'HOU', 'CLE', 'OAK', 'DTW', 'BHM', 'LAX', 'AUS', 'SMF', 'BWI', 'CMH', 'SAN', 'PIT', 'OKC', 'IND', 'TUS', 'BUF', 'PDX', 'GRR', 'EWR', 'MSY', 'JAX', 'SAT', 'BUR', 'ABQ', 'CLT', 'ORF', 'SJC', 'PVD', 'ALB', 'ONT', 'SLC', 'CHS', 'SJU', 'RNO', 'BOI', 'PNS', 'PWM']",37.91402396053559
MEI,2019,64,12,0.0,32.33313,-88.75121,['ORD'],18.75
MEM,2019,2731,863,6.381184407796102,35.04242,-89.97667,"['CLT', 'DEN', 'MDW', 'ORD', 'ATL', 'MCO', 'DAL', 'LAX', 'MSP', 'MIA', 'PHX', 'EWR', 'PHL', 'DTW', 'IAH', 'LAS', 'VPS', 'LGA', 'BWI', 'TPA', 'HOU', 'AUS', 'AZA']",31.600146466495787
MFR,2019,406,142,19.982233502538072,42.37423,-122.8735,"['SFO', 'DEN', 'SEA', 'LAX', 'PHX', 'SLC', 'LAS']",34.97536945812808
MGM,2019,229,74,5.206140350877193,32.30064,-86.39398,"['ATL', 'CLT']",32.314410480349345
MHT,2019,836,249,0.902200488997555,42.93452,-71.43706,"['MCO', 'BWI', 'PHL', 'ORD', 'LGA', 'CLT', 'MDW', 'DTW', 'TPA', 'ATL', 'EWR']",29.784688995215312
MIA,2019,10154,3813,7.549974987493747,25.79325,-80.29056,"['SDF', 'LGA', 'JFK', 'STX', 'JAX', 'ATL', 'PNS', 'PIT', 'SJU', 'MCO', 'TLH', 'ORD', 'PHL', 'ORF', 'CLT', 'MEM', 'LAX', 'BOS', 'SAN', 'CHS', 'IAH', 'EWR', 'RIC', 'BWI', 'EYW', 'IND', 'GNV', 'SFO', 'STT', 'PHX', 'PVD', 'EGE', 'MSY', 'BHM', 'TYS', 'LAS', 'DEN', 'MSP', 'TPA', 'HOU', 'SAV', 'SAT', 'GSP', 'BNA', 'AUS', 'CMH', 'CLE', 'DTW', 'XNA', 'MCI', 'BUF', 'GRR', 'SEA', 'OMA', 'CAE', 'OKC']",37.55170376206421
MKE,2019,3286,1059,5.402374258044361,42.94722,-87.89658,"['LAS', 'PHX', 'EWR', 'CLT', 'BWI', 'ORD', 'DEN', 'DTW', 'DAL', 'BOS', 'ATL', 'CLE', 'MCI', 'MSP', 'LAX', 'IAH', 'LGA', 'MCO', 'PHL', 'BNA', 'SEA', 'TPA', 'HOU', 'SLC', 'SAN', 'SFO', 'AZA']",32.227632379793064
MKG,2019,176,52,18.816091954022987,43.16949,-86.23822,['ORD'],29.545454545454547
MLB,2019,258,64,-1.1299212598425197,28.10275,-80.64581,"['CLT', 'ATL', 'PHL']",24.8062015503876
MLI,2019,574,189,6.48653500897666,41.44853,-90.50754,"['ORD', 'MSP', 'ATL', 'LAS', 'DEN', 'DTW', 'AZA']",32.926829268292686
MLU,2019,277,80,1.5164835164835164,32.51087,-92.03769,"['ATL', 'IAH']",28.880866425992778
MMH,2019,53,16,15.522727272727273,37.62405,-118.83777,"['SFO', 'LAX', 'DEN']",30.18867924528302
MOB,2019,618,171,7.401652892561984,30.69142,-88.24283,"['ATL', 'IAH', 'CLT']",27.669902912621357
MOT,2019,234,56,4.143478260869565,48.25938,-101.28033,"['MSP', 'DEN', 'LAS', 'AZA']",23.931623931623932
MQT,2019,180,52,17.37853107344633,46.35364,-87.39536,"['ORD', 'DTW', 'MSP']",28.888888888888886
MRY,2019,421,105,1.2481927710843375,36.58698,-121.84295,"['SAN', 'SFO', 'PHX', 'LAX', 'DEN', 'LAS']",24.94061757719715
MSN,2019,1725,537,11.65843373493976,43.13986,-89.33751,"['ATL', 'DTW', 'ORD', 'LGA', 'MSP', 'PHL', 'EWR', 'DEN', 'LAX', 'SFO', 'CLT', 'PHX', 'LAS', 'MCO', 'SLC', 'SEA']",31.130434782608695
MSO,2019,309,115,4.074918566775244,46.91631,-114.09056,"['SLC', 'SFO', 'MSP', 'ATL', 'DEN', 'LAX', 'ORD', 'AZA', 'OAK', 'LAS']",37.2168284789644
MSP,2019,17017,4844,2.246380265745099,44.88055,-93.21692,"['MEM', 'BWI', 'ATL', 'ORD', 'LAX', 'MSY', 'MCI', 'DSM', 'DTW', 'FSD', 'ABR', 'CLE', 'SMF', 'SJC', 'PHX', 'BOS', 'MKE', 'OMA', 'MSN', 'SFO', 'RAP', 'SLC', 'RST', 'BNA', 'JFK', 'EWR', 'TPA', 'DLH', 'LSE', 'BOI', 'HNL', 'GRB', 'MQT', 'LAS', 'GEG', 'DEN', 'FAR', 'MDW', 'ATW', 'LGA', 'SNA', 'PHL', 'ICT', 'IAH', 'CWA', 'ANC', 'XNA', 'CLT', 'BIL', 'GFK', 'CMH', 'FWA', 'HIB', 'GRR', 'TYS', 'MOT', 'SEA', 'DAY', 'MSO', 'MCO', 'ROC', 'AUS', 'JAX', 'SYR', 'ISN', 'DAL', 'SDF', 'FCA', 'RIC', 'BZN', 'ALB', 'OAK', 'CIU', 'MIA', 'SAT', 'TUL', 'TTN', 'PDX', 'LNK', 'GTF', 'IND', 'MLI', 'TVC', 'SBN', 'BJI', 'PIT', 'LAN', 'OKC', 'SAN', 'RHI', 'HDN', 'ORF', 'BRD', 'PIA', 'AZO', 'INL', 'BUF', 'HLN', 'XWA', 'LEX', 'SJU', 'ABQ', 'COS', 'PSP', 'FAI', 'MYR', 'JAC', 'SAV', 'TUS', 'IDA', 'CHS', 'ASE']",28.465651995063762
MSY,2019,6280,2115,5.0491723466407015,29.99339,-90.25803,"['EWR', 'AUS', 'MCO', 'MIA', 'JFK', 'ATL', 'DEN', 'ORD', 'TPA', 'CLT', 'BWI', 'IAH', 'DAL', 'SAT', 'SAN', 'HOU', 'SEA', 'MSP', 'BOS', 'LAS', 'BNA', 'PHL', 'CLE', 'LGA', 'DTW', 'MCI', 'LAX', 'SLC', 'MDW', 'IND', 'OAK', 'PHX', 'SFO', 'CMH', 'SDF', 'PIT', 'SMF', 'SJC', 'GRR']",33.67834394904459
MYR,2019,1174,318,6.462962962962963,33.67975,-78.92833,"['CLT', 'DTW', 'LBE', 'ISP', 'ATL', 'BWI', 'ACY', 'IAH', 'CMH', 'BOS', 'MDT', 'EWR', 'IND', 'ORD', 'CLE', 'PHL', 'LGA', 'TTN', 'IAG', 'MCO', 'LCK', 'MSP', 'PIT', 'DEN', 'ALB', 'SDF', 'SYR', 'MCI', 'LEX']",27.086882453151617
OAK,2019,6357,2215,2.238994717464383,37.72129,-122.22072,"['LAX', 'SAN', 'BUR', 'SEA', 'DEN', 'HOU', 'LGB', 'PHX', 'SLC', 'SNA', 'LAS', 'PDX', 'MDW', 'DAL', 'HNL', 'ONT', 'ATL', 'IAH', 'JFK', 'MSO', 'AUS', 'ABQ', 'MSY', 'CMH', 'AZA', 'LIH', 'TUS', 'ORD', 'OGG', 'BLI', 'MCI', 'IND', 'BOI', 'RNO', 'MCO', 'SAT', 'BOS', 'EWR', 'BWI', 'GEG', 'BNA', 'MSP', 'PSP', 'EUG', 'DTW', 'FCA', 'MEM', 'IDA']",34.8434796287557
OGG,2019,2852,950,1.6734837799717912,20.89865,-156.43046,"['PHX', 'LAX', 'HNL', 'SEA', 'OAK', 'SFO', 'SJC', 'SMF', 'BLI', 'SAN', 'LIH', 'PDX', 'ORD', 'SLC', 'ITO', 'DEN', 'LAS', 'ANC']",33.30995792426367
OKC,2019,2540,846,7.448372840498192,35.39309,-97.60073,"['IAH', 'DEN', 'CLT', 'LAS', 'PHX', 'ATL', 'HOU', 'EWR', 'DAL', 'BNA', 'ORD', 'BWI', 'MSP', 'DTW', 'SLC', 'MDW', 'VPS', 'PHL', 'SFO', 'LAX', 'MCO', 'SEA', 'MIA']",33.30708661417322
OMA,2019,3242,1020,3.3789173789173788,41.30252,-95.89417,"['DEN', 'MDW', 'IAH', 'ATL', 'EWR', 'PHX', 'ORD', 'DTW', 'SEA', 'MSP', 'HOU', 'LAS', 'CLT', 'LGA', 'DAL', 'PHL', 'SAN', 'SFO', 'AZA', 'SLC', 'VPS', 'PDX', 'LAX', 'MIA', 'BNA', 'MCO']",31.46206045650833
OME,2019,70,18,-6.617647058823529,64.5122,-165.44525,"['ANC', 'OTZ']",25.71428571428571
ONT,2019,2312,654,2.049448123620309,34.056,-117.60119,"['JFK', 'SFO', 'SMF', 'DEN', 'LAS', 'OAK', 'PHX', 'SLC', 'MDW', 'SJC', 'SEA', 'SAT', 'AUS', 'MCO', 'ATL', 'PDX', 'IAH', 'DAL', 'ORD']",28.28719723183391
ORD,2019,68640,28204,11.991770663772835,41.78598,-87.75242,"['SAN', 'MSP', 'SAV', 'PHL', 'MCO', 'LGA', 'ANC', 'DEN', 'LNK', 'LAX', 'FNT', 'PIA', 'LAN', 'MSY', 'ICT', 'HNL', 'IAH', 'SJC', 'SDF', 'SAT', 'MKE', 'OMA', 'JFK', 'MKG', 'PHX', 'MSN', 'BIL', 'ATL', 'MIA', 'OGG', 'SYR', 'PSP', 'DLH', 'SGF', 'LAS', 'BOS', 'OKC', 'DTW', 'ELP', 'PVD', 'BHM', 'TPA', 'CLT', 'GEG', 'DSM', 'PIT', 'SBN', 'SPI', 'BUF', 'CMH', 'TVC', 'XNA', 'SFO', 'ROC', 'BWI', 'LIT', 'COU', 'GRR', 'FWA', 'MCI', 'AUS', 'TUL', 'DAY', 'JAX', 'SJU', 'SEA', 'EAU', 'PDX', 'PWM', 'FAR', 'SMF', 'GSP', 'ORF', 'SNA', 'BNA', 'CLE', 'RIC', 'IND', 'FSD', 'EUG', 'GRB', 'SUX', 'ASE', 'EYW', 'ABQ', 'RST', 'PNS', 'BTV', 'SLC', 'MDT', 'DBQ', 'EWR', 'CHO', 'TUS', 'EVV', 'LSE', 'HSV', 'SCE', 'OAK', 'EGE', 'AVL', 'MQT', 'CWA', 'MEM', 'MHT', 'ATW', 'BZN', 'TYS', 'COS', 'CAK', 'AZO', 'CMI', 'MYR', 'ROA', 'JAC', 'CHS', 'RAP', 'MLI', 'BOI', 'ALB', 'FAT', 'HPN', 'JLN', 'PAH', 'LEX', 'ALO', 'ERI', 'FCA', 'RNO', 'MEI', 'BGR', 'FAI', 'CHA', 'TOL', 'VPS', 'ONT', 'ILM', 'TTN', 'GJT', 'BFM', 'MSO', 'DRO', 'HDN', 'BRO', 'GTF', 'STT', 'COD']",41.08974358974359
ORF,2019,2992,916,5.457872928176796,36.89461,-76.20122,"['DEN', 'BWI', 'ATL', 'ORD', 'JFK', 'CLT', 'DTW', 'LGA', 'BOS', 'MIA', 'PHL', 'IAH', 'MCO', 'EWR', 'MDW', 'BNA', 'MSP', 'LAS', 'JAX', 'CLE', 'TPA', 'PHX']",30.614973262032088
ORH,2019,147,53,8.671328671328672,42.26734,-71.87571,"['JFK', 'MCO', 'DTW']",36.054421768707485
OTZ,2019,65,13,-9.723076923076922,66.88468,-162.59855,"['ANC', 'OME']",20.0
PAH,2019,140,42,6.924242424242424,37.06083,-88.77375,['ORD'],30.0
PDX,2019,13494,4228,0.6192969334330591,45.58872,-122.5975,"['LAS', 'SFO', 'DEN', 'ATL', 'SLC', 'JFK', 'OMA', 'ANC', 'TUS', 'ORD', 'IAH', 'OGG', 'MCO', 'LAX', 'SJC', 'CLT', 'SAN', 'PHX', 'SNA', 'SEA', 'DAL', 'RNO', 'ONT', 'SMF', 'OAK', 'BOS', 'GEG', 'EWR', 'MDW', 'BOI', 'HNL', 'DTW', 'LGB', 'MCI', 'BUR', 'PSP', 'FAT', 'MSP', 'BZN', 'PHL', 'LIH', 'ABQ', 'HOU', 'AUS', 'BWI']",31.332444049207055
PHL,2019,11421,3908,5.151164874551971,39.87195,-75.24114,"['MCO', 'CMH', 'SLC', 'SAV', 'ORD', 'MIA', 'SFO', 'BOS', 'SAN', 'TPA', 'SJU', 'LGA', 'PNS', 'ATL', 'MSP', 'CLT', 'DEN', 'SEA', 'PVD', 'GRR', 'BNA', 'SDF', 'LAS', 'CAK', 'DAY', 'DTW', 'IAH', 'IND', 'ORF', 'PHX', 'OMA', 'SAT', 'TYS', 'LAX', 'MSY', 'PWM', 'SYR', 'AUS', 'MEM', 'HOU', 'GSP', 'PDX', 'PIT', 'CHS', 'MDW', 'MCI', 'ILM', 'MSN', 'BGR', 'EYW', 'JAX', 'BUF', 'CLE', 'STT', 'BHM', 'OKC', 'MHT', 'RIC', 'BTV', 'BWI', 'AVL', 'MYR', 'DAL', 'ROC', 'DSM', 'MKE', 'CHA', 'JFK', 'ALB', 'XNA', 'MLB']",34.21766920584888
PHX,2019,18814,6372,3.82417107679015,33.43417,-112.00806,"['ELP', 'SEA', 'FLG', 'LAX', 'ONT', 'IAH', 'HNL', 'HOU', 'DEN', 'SFO', 'SLC', 'SMF', 'AUS', 'TUS', 'TPA', 'OKC', 'ORD', 'SBP', 'OAK', 'SNA', 'ABQ', 'PDX', 'SAT', 'GJT', 'MCI', 'AMA', 'JFK', 'SJC', 'MDW', 'SAN', 'GEG', 'ROW', 'MKE', 'MRY', 'LAS', 'PHL', 'DSM', 'BWI', 'FAT', 'DTW', 'BNA', 'CLE', 'MFR', 'LIT', 'MSP', 'CLT', 'COS', 'IND', 'PSP', 'DAL', 'ATL', 'CMH', 'EWR', 'BOI', 'OMA', 'BOS', 'MCO', 'BUR', 'LIH', 'RNO', 'SBA', 'PIT', 'YUM', 'MIA', 'FSD', 'TUL', 'SAF', 'BFL', 'ICT', 'LGB', 'LBB', 'DRO', 'ANC', 'OGG', 'SDF', 'EUG', 'MEM', 'MSY', 'BUF', 'RAP', 'GRR', 'EGE', 'ASE', 'ORF', 'MSN', 'JAC', 'FAR']",33.86839587541193
PIA,2019,504,153,4.8061224489795915,40.66424,-89.69331,"['ORD', 'CLT', 'ATL', 'MSP', 'VPS', 'LAS', 'AZA']",30.357142857142854
PIH,2019,100,22,-4.8,42.91131,-112.59586,['SLC'],22.0
PIT,2019,5842,1720,2.59793091355427,40.49147,-80.23287,"['DEN', 'ATL', 'ORD', 'EWR', 'MYR', 'LGA', 'SAV', 'TPA', 'CLT', 'MSP', 'BOS', 'MCO', 'BWI', 'JFK', 'PHX', 'DTW', 'BNA', 'MIA', 'PHL', 'MDW', 'LAX', 'IAH', 'HOU', 'LAS', 'SFO', 'SLC', 'AUS', 'VPS', 'DAL', 'SEA', 'TYS', 'CHS', 'JAX', 'MSY']",29.441971927422117
PLN,2019,93,23,-1.2307692307692308,45.57093,-84.79672,"['DTW', 'APN']",24.731182795698924
PNS,2019,1299,361,3.7663551401869158,30.47331,-87.18744,"['IAH', 'CLT', 'PHL', 'HOU', 'MIA', 'ATL', 'ORD', 'BNA', 'DAL', 'DEN', 'EWR', 'MDW', 'AUS', 'MCI']",27.79060816012317
PPG,2019,9,2,-1.8888888888888888,14.33102,-170.71053,['HNL'],22.22222222222222
PSE,2019,106,37,24.84313725490196,18.0083,-66.56301,"['MCO', 'JFK']",34.90566037735849
PSG,2019,65,24,3.1384615384615384,56.80165,-132.94528,"['WRG', 'JNU']",36.92307692307693
PSP,2019,1348,399,5.7948328267477205,33.82922,-116.50625,"['PHX', 'DEN', 'SEA', 'PDX', 'SFO', 'LAX', 'ORD', 'SLC', 'BLI', 'IAH', 'BOS', 'ATL', 'MSP', 'JFK', 'EWR']",29.59940652818991
PUB,2019,69,30,12.848484848484848,38.28909,-104.49657,['DEN'],43.47826086956522
PVD,2019,1605,500,2.913320586360739,41.724,-71.42822,"['BWI', 'PHL', 'TPA', 'MCO', 'ORD', 'DTW', 'CLT', 'EWR', 'ATL', 'MDW', 'MIA', 'DEN', 'SAV']",31.15264797507788
PWM,2019,2556,772,4.229653505237711,45.58872,-122.5975,"['LGA', 'BWI', 'ATL', 'JFK', 'ORD', 'DTW', 'EWR', 'CLT', 'PHL', 'MCO', 'TPA', 'DEN', 'MDW']",30.203442879499214
RAP,2019,480,154,7.549893842887474,44.04532,-103.05737,"['LAS', 'ORD', 'MSP', 'DEN', 'PHX', 'SLC', 'AZA', 'CLT', 'ATL', 'LAX', 'EWR', 'SFO']",32.083333333333336
RDD,2019,158,56,16.40909090909091,40.50898,-122.2934,"['SFO', 'LAX']",35.44303797468354
RHI,2019,82,20,-3.1392405063291138,45.63119,-89.46745,['MSP'],24.390243902439025
RIC,2019,2881,906,5.886339569361101,37.50517,-77.31967,"['CLT', 'EWR', 'ATL', 'MCO', 'MIA', 'DTW', 'LGA', 'IAH', 'JFK', 'ORD', 'BOS', 'DEN', 'PHL', 'MSP', 'BNA', 'TPA']",31.44741409232905
RKS,2019,67,20,2.375,41.59422,-109.06519,['DEN'],29.850746268656714
RNO,2019,2192,683,2.7701202590194263,39.49858,-119.76806,"['LGB', 'IAH', 'LAS', 'SLC', 'SFO', 'DEN', 'SJC', 'LAX', 'SEA', 'OAK', 'PHX', 'PDX', 'DAL', 'MDW', 'SAN', 'JFK', 'ORD', 'ATL', 'MSP']",31.15875912408759
ROA,2019,339,122,13.740181268882175,37.32547,-79.97543,"['ATL', 'ORD', 'LGA', 'CLT']",35.9882005899705
ROC,2019,3926,1204,6.211721224920803,43.11887,-77.67238,"['LGA', 'JFK', 'ATL', 'DTW', 'BWI', 'MSP', 'MCO', 'ORD', 'CLT', 'TPA', 'PHL', 'EWR', 'BOS']",30.66734589913398
ROW,2019,40,9,-5.65,33.30156,-104.53056,['PHX'],22.5
RST,2019,1016,356,8.177589852008456,43.11887,-77.67238,"['MSP', 'ORD', 'ATL']",35.039370078740156
SAF,2019,49,9,-8.48936170212766,35.61678,-106.08814,['PHX'],18.367346938775512
SAN,2019,20360,6356,1.0986027944111776,33.12723,-117.27873,"['LAS', 'DAL', 'SJC', 'LAX', 'OAK', 'SMF', 'MCO', 'HOU', 'MCI', 'DEN', 'SEA', 'PHX', 'ORD', 'FAT', 'PHL', 'MSP', 'SLC', 'RNO', 'PDX', 'ABQ', 'DTW', 'CLT', 'SFO', 'HNL', 'EWR', 'BOI', 'AUS', 'BWI', 'OGG', 'ATL', 'JFK', 'IAH', 'MDW', 'BOS', 'TPA', 'ELP', 'BNA', 'OMA', 'SAT', 'LIH', 'MIA', 'HDN', 'MRY', 'TUS', 'IND', 'MSY', 'GEG', 'CLE', 'MKE', 'BLI', 'ORF']",31.218074656188605
SAT,2019,4527,1265,0.5924926949876377,29.53369,-98.46978,"['DAL', 'MDW', 'SEA', 'BNA', 'BWI', 'ATL', 'DEN', 'LAX', 'DTW', 'LAS', 'IAH', 'ORD', 'MSP', 'PHX', 'SLC', 'ELP', 'HOU', 'JFK', 'SAN', 'CLT', 'MCO', 'SNA', 'MIA', 'MCI', 'PHL', 'SFO', 'MSY', 'EWR', 'ABQ', 'ONT', 'OAK', 'TPA', 'COS']",27.943450408659153
SAV,2019,2098,700,10.321060382916054,32.12758,-81.20214,"['LGA', 'JFK', 'CLT', 'ORD', 'ATL', 'BOS', 'EWR', 'MIA', 'DTW', 'CLE', 'BWI', 'DEN', 'IAH', 'PHL', 'SDF', 'BNA', 'LCK', 'MSP', 'PIT', 'GRR', 'IND', 'ALB', 'PVD', 'IAG']",33.36510962821735
SBA,2019,700,205,4.260233918128655,34.42621,-119.84037,"['PHX', 'DEN', 'LAX', 'SFO', 'SLC', 'SEA']",29.28571428571429
SBN,2019,713,220,4.119359534206696,41.70895,-86.31847,"['DTW', 'ATL', 'ORD', 'MSP', 'CLT', 'LAS', 'AZA', 'EWR']",30.855539971949508
SBP,2019,506,173,14.484787018255577,35.23706,-120.64239,"['SFO', 'LAX', 'DEN', 'PHX', 'SEA']",34.18972332015811
SCC,2019,111,22,-6.388888888888889,70.19476,-148.46516,"['ANC', 'BRW']",19.81981981981982
SCE,2019,249,72,10.927125506072874,40.85121,-77.8463,"['DTW', 'ORD']",28.915662650602407
SDF,2019,2832,895,5.889960700250089,38.17439,-85.736,"['ORD', 'CLT', 'ATL', 'IAH', 'LGA', 'EWR', 'MDW', 'MSP', 'DAL', 'MCO', 'DEN', 'MIA', 'PHX', 'HOU', 'DTW', 'TPA', 'LAS', 'BWI', 'PHL', 'SAV', 'VPS', 'LAX', 'MSY', 'MYR']",31.603107344632768
SEA,2019,15620,5724,2.7452476399844823,47.44898,-122.30931,"['DEN', 'IND', 'MSY', 'ANC', 'SLC', 'OGG', 'BWI', 'JNU', 'DAL', 'IAH', 'SJC', 'LAS', 'GEG', 'AUS', 'CLT', 'BZN', 'PHX', 'SMF', 'ATL', 'JFK', 'SAN', 'MSP', 'ORD', 'PDX', 'SFO', 'LAX', 'RNO', 'HNL', 'MKE', 'OAK', 'EWR', 'SBA', 'BOS', 'PHL', 'FAT', 'PSP', 'TPA', 'ONT', 'CHS', 'FAI', 'BUR', 'SNA', 'BOI', 'MCO', 'LIH', 'KTN', 'EUG', 'TUS', 'BNA', 'LGB', 'DTW', 'PIT', 'MIA', 'MCI', 'SAT', 'ABQ', 'OMA', 'MFR', 'MDW', 'OKC', 'CMH', 'BLI', 'CLE', 'SIT', 'SBP', 'JAC', 'HOU']",36.64532650448143
SFO,2019,18983,6887,7.490266918306821,37.619,-122.37484,"['SAN', 'SEA', 'LAX', 'IND', 'DEN', 'SLC', 'BUR', 'MSY', 'ONT', 'LAS', 'MSP', 'FAT', 'OMA', 'EWR', 'SMF', 'BOS', 'DTW', 'ABQ', 'LGB', 'PHX', 'PSP', 'MCO', 'BNA', 'ORD', 'MSN', 'RDD', 'JFK', 'AUS', 'ATL', 'BOI', 'OKC', 'MFR', 'RNO', 'SNA', 'IAH', 'LIH', 'HNL', 'PHL', 'PDX', 'TUS', 'EGE', 'BFL', 'CLE', 'MIA', 'CMH', 'DAL', 'MCI', 'TPA', 'ACV', 'JAC', 'PIT', 'EUG', 'BWI', 'BZN', 'SBP', 'OGG', 'MSO', 'MRY', 'CLT', 'SBA', 'GEG', 'XNA', 'ANC', 'SAT', 'ASE', 'MKE', 'FCA', 'MDW', 'MMH', 'RAP', 'HDN']",36.279829320971395
SGF,2019,1574,586,14.47843137254902,37.24433,-93.38686,"['ORD', 'ATL', 'DEN', 'IAH', 'VPS', 'CLT', 'LAX', 'LAS', 'AZA']",37.2299872935197
SHV,2019,603,210,4.412162162162162,32.44663,-93.8256,"['ATL', 'IAH', 'DEN', 'VPS', 'CLT', 'LAS']",34.82587064676617
SIT,2019,139,25,-2.0072992700729926,57.04714,-135.3616,"['JNU', 'KTN', 'SEA']",17.985611510791365
SJC,2019,7632,2278,0.34472590805522046,37.36186,-121.92901,"['SAN', 'LAS', 'JFK', 'PHX', 'ATL', 'LAX', 'SLC', 'SEA', 'TUS', 'BNA', 'ORD', 'ONT', 'DAL', 'BUR', 'SNA', 'LGB', 'MSP', 'BOI', 'RNO', 'OGG', 'AUS', 'PDX', 'IAH', 'MSY', 'BWI', 'DEN', 'GEG', 'BOS', 'MDW', 'EWR', 'HNL', 'ABQ', 'HOU', 'DTW', 'LIH', 'MCI', 'MCO', 'EUG', 'PSP', 'ELP']",29.848008385744233
SJU,2019,2640,925,8.303632887189293,18.43942,-66.00183,"['TPA', 'JFK', 'ATL', 'MCO', 'MDW', 'PHL', 'BOS', 'CLT', 'ORD', 'EWR', 'BWI', 'MIA', 'IAH', 'STT', 'DTW', 'HOU']",35.03787878787879
SLC,2019,12430,3472,-0.041484362339977314,40.78839,-111.97777,"['HLN', 'ORD', 'SMF', 'GEG', 'LAX', 'AUS', 'BZN', 'PSP', 'LGB', 'SNA', 'BOI', 'LAS', 'JFK', 'SJC', 'IAH', 'OMA', 'PHX', 'SEA', 'DTW', 'CPR', 'MCO', 'PIH', 'DEN', 'EKO', 'RNO', 'OAK', 'MSO', 'ATL', 'FCA', 'IND', 'SFO', 'PDX', 'COS', 'OKC', 'JAC', 'FAT', 'GTF', 'CMH', 'WYS', 'SAN', 'SBA', 'TUL', 'BOS', 'DAL', 'EWR', 'TUS', 'ASE', 'BUR', 'GJT', 'LWS', 'CDC', 'MDW', 'CLT', 'MSP', 'SAT', 'BWI', 'RAP', 'ONT', 'OGG', 'BIL', 'PIT', 'TWF', 'IDA', 'MKE', 'ABQ', 'MSN', 'MCI', 'DSM', 'HNL', 'MSY', 'CLE', 'PHL', 'BNA', 'TPA', 'EUG', 'MFR', 'EGE', 'BTM', 'ANC', 'HOU', 'COD', 'ELP']",27.932421560740146
SMF,2019,6049,1809,1.2946323405687363,38.69542,-121.59077,"['SFO', 'AUS', 'SEA', 'CLT', 'SAN', 'ATL', 'BUR', 'SNA', 'PDX', 'LAX', 'DEN', 'ONT', 'PHX', 'OGG', 'IAH', 'LGB', 'LAS', 'GEG', 'JFK', 'DAL', 'HOU', 'MDW', 'MCO', 'DTW', 'EWR', 'BOI', 'BWI', 'MSP', 'ORD', 'HNL', 'SLC', 'BOS', 'BNA']",29.905769548685733
SMX,2019,17,5,1.9411764705882353,34.89925,-120.45758,['LAS'],29.411764705882355
SNA,2019,4329,1308,1.6548485559990609,33.67566,-117.86822,"['SEA', 'ATL', 'SJC', 'DEN', 'OAK', 'PDX', 'LAS', 'PHX', 'MSP', 'SMF', 'ORD', 'IAH', 'SFO', 'SLC', 'AUS', 'EWR', 'HOU', 'SAT', 'DAL', 'DTW']",30.21483021483021
SPI,2019,420,76,-1.6804123711340206,37.24433,-93.38686,['ORD'],18.095238095238095
STT,2019,373,107,-0.3041095890410959,18.33731,-64.97336,"['MIA', 'CLT', 'PHL', 'JFK', 'SJU', 'ATL', 'EWR', 'IAH', 'MCO', 'BOS', 'ORD']",28.686327077747993
STX,2019,72,14,-9.055555555555555,17.70189,-64.79856,"['MIA', 'ATL', 'CLT', 'SJU']",19.444444444444446
SUX,2019,228,90,12.638095238095238,42.4026,-96.38437,['ORD'],39.473684210526315
SYR,2019,1669,444,0.7804265997490589,43.11119,-76.10631,"['ATL', 'MSP', 'DTW', 'JFK', 'LGA', 'CLT', 'ORD', 'MCO', 'BOS', 'PHL', 'EWR', 'DEN', 'BNA', 'TPA', 'MYR']",26.60275614140204
TLH,2019,515,155,3.303921568627451,30.39653,-84.35033,"['ATL', 'CLT', 'MIA']",30.097087378640776
TOL,2019,326,90,6.371710526315789,41.58681,-83.80783,"['ORD', 'CLT', 'VPS']",27.607361963190186
TPA,2019,7905,2574,5.0529631057976605,27.97547,-82.53325,"['MIA', 'BWI', 'LGA', 'PHX', 'IAH', 'CLT', 'PHL', 'SAN', 'BUF', 'ATL', 'IND', 'DEN', 'ORD', 'CMH', 'EWR', 'DTW', 'CLE', 'BOS', 'MCI', 'HOU', 'MSP', 'JFK', 'HPN', 'PVD', 'LAS', 'SJU', 'MSY', 'MEM', 'AUS', 'MKE', 'SFO', 'ALB', 'GRR', 'BHM', 'BNA', 'MDW', 'SAT', 'MHT', 'LAX', 'SLC', 'ISP', 'DAL', 'PWM', 'TTN', 'ACY', 'SDF', 'SEA', 'PIT', 'LBE', 'AVL', 'ROC', 'SYR', 'CAK', 'ORF', 'GSP', 'RIC']",32.56166982922201
TTN,2019,253,83,12.206611570247935,40.27669,-74.81347,"['MYR', 'MCO', 'TPA', 'CLT', 'ORD', 'JAX', 'MSP', 'CHS', 'ATL', 'BNA', 'DTW']",32.80632411067194
TUL,2019,1953,630,6.501301405517959,36.19837,-95.88824,"['IAH', 'HOU', 'ATL', 'DEN', 'DAL', 'MSP', 'LAS', 'SLC', 'ORD', 'PHX', 'CLT', 'MCO', 'LAX', 'VPS']",32.25806451612903
TUS,2019,2091,562,1.5302663438256658,32.11608,-110.94103,"['BLI', 'ORD', 'IAH', 'LAX', 'PHX', 'SFO', 'LAS', 'SLC', 'CLT', 'SAN', 'ATL', 'DEN', 'SJC', 'MDW', 'PDX', 'MSP', 'SEA', 'DAL', 'IND', 'OAK']",26.87709230033477
TVC,2019,655,242,14.928012519561815,44.74144,-85.58224,"['DTW', 'MSP', 'ORD', 'CLT', 'DEN', 'EWR', 'LGA', 'ATL', 'AZA']",36.94656488549619
TWF,2019,128,34,-0.2109375,42.4818,-114.48774,"['SLC', 'LAX', 'DEN', 'SFO']",26.5625
TYR,2019,5,0,-16.4,32.35414,-95.40239,['DEN'],0.0
TYS,2019,1832,580,4.349330357142857,35.81249,-83.99286,"['EWR', 'LGA', 'ORD', 'IAH', 'ATL', 'DTW', 'CLT', 'PHL', 'LAS', 'MIA', 'MSP', 'VPS', 'BWI', 'DEN', 'PIT']",31.65938864628821
VEL,2019,69,14,-5.290322580645161,40.4409,-109.50992,['DEN'],20.28985507246377
VLD,2019,111,19,5.36936936936937,30.7825,-83.27672,['ATL'],17.117117117117118
VPS,2019,708,222,2.5320970042796005,30.48325,-86.5254,"['ATL', 'DEN', 'IAH', 'EVV', 'OKC', 'ICT', 'CLT', 'IND', 'LCK', 'XNA', 'BWI', 'SGF', 'MCI', 'OMA', 'CLE', 'LIT', 'TUL', 'PIT', 'EWR', 'SHV', 'TYS', 'LEX', 'PIA', 'SDF', 'AUS', 'DSM', 'MEM', 'TOL']",31.35593220338983
WRG,2019,69,14,-1.3432835820895523,56.48433,-132.36982,"['PSG', 'KTN']",20.28985507246377
WYS,2019,32,6,-7.59375,44.6884,-111.11764,['SLC'],18.75
XNA,2019,1514,532,12.21506105834464,34.99147,-78.88,"['PHL', 'DEN', 'ORD', 'CLT', 'MSP', 'ATL', 'IAH', 'SFO', 'LGA', 'EWR', 'VPS', 'MIA', 'LAS', 'LAX', 'BNA']",35.13870541611625
XWA,2019,20,10,7.3,48.17794,-103.64235,"['MSP', 'DEN']",50.0
YAK,2019,60,20,2.457627118644068,59.50336,-139.66023,"['CDV', 'JNU']",33.33333333333333
YUM,2019,189,63,4.645502645502646,32.65658,-114.60597,['PHX'],33.33333333333333
